{"__type__":"cc.AnimationClip","_name":"flapping","_duration":0.6666666666666666,"speed":0.9,"wrapMode":2,"curveData":{"props":{"y":[{"frame":0,"value":35},{"frame":0.3333333333333333,"value":73},{"frame":0.6666666666666666,"value":41}]}}}